ZXing/9ac0923/zxing/javase/build/,ZXing/9c6a626/zxing/javase/build/,ZXing/9ac0923/zxing/javase/src/,ZXing/9c6a626/zxing/javase/src/,zxing
ZXing/1f2699c/zxing/javase/build/,ZXing/6c5b684/zxing/javase/build/,ZXing/1f2699c/zxing/javase/src/,ZXing/6c5b684/zxing/javase/src/,zxing
ZXing/aa65741/zxing/javase/build/,ZXing/90297ef/zxing/javase/build/,ZXing/aa65741/zxing/javase/src/,ZXing/90297ef/zxing/javase/src/,zxing
ZXing/635d904/zxing/javase/build/,ZXing/3d4d5b3/zxing/javase/build/,ZXing/635d904/zxing/javase/src/,ZXing/3d4d5b3/zxing/javase/src/,zxing
ZXing/eef79f7/zxing/javase/build/,ZXing/5b041da/zxing/javase/build/,ZXing/eef79f7/zxing/javase/src/,ZXing/5b041da/zxing/javase/src/,zxing
ZXing/4928f6b/zxing/javase/build/,ZXing/233ae56/zxing/javase/build/,ZXing/4928f6b/zxing/javase/src/,ZXing/233ae56/zxing/javase/src/,zxing
ZXing/3df68d7/zxing/javase/build/,ZXing/6eee886/zxing/javase/build/,ZXing/3df68d7/zxing/javase/src/,ZXing/6eee886/zxing/javase/src/,zxing
ZXing/d8b1011/zxing/javase/build/,ZXing/6dbf893/zxing/javase/build/,ZXing/d8b1011/zxing/javase/src/,ZXing/6dbf893/zxing/javase/src/,ZXing/d8b1011/zxing/javase/src/com/google/zxing/client/j2se/BufferedImageLuminanceSource.java,ZXing/6dbf893/zxing/javase/src/com/google/zxing/client/j2se/BufferedImageLuminanceSource.java,ZXing/d8b1011/zxing/javase/src/com/google/zxing/client/j2se/CommandLineRunner.java,ZXing/6dbf893/zxing/javase/src/com/google/zxing/client/j2se/CommandLineRunner.java,ZXing/d8b1011/zxing/javase/src/com/google/zxing/client/j2se/GUIRunner.java,ZXing/6dbf893/zxing/javase/src/com/google/zxing/client/j2se/GUIRunner.java,ZXing/d8b1011/zxing/javase/src/com/google/zxing/client/j2se/ImageConverter.java,ZXing/6dbf893/zxing/javase/src/com/google/zxing/client/j2se/ImageConverter.java,zxing
ZXing/406f353/zxing/javase/build/,ZXing/5f2b64e/zxing/javase/build/,ZXing/406f353/zxing/javase/src/,ZXing/5f2b64e/zxing/javase/src/,zxing
ZXing/ff4f861/zxing/javase/build/,ZXing/eb52d61/zxing/javase/build/,ZXing/ff4f861/zxing/javase/src/,ZXing/eb52d61/zxing/javase/src/,zxing
ZXing/0198f58/zxing/javase/build/,ZXing/10ce9dd/zxing/javase/build/,ZXing/0198f58/zxing/javase/src/,ZXing/10ce9dd/zxing/javase/src/,zxing
ZXing/853ab5c/zxing/javase/build/,ZXing/d45123d/zxing/javase/build/,ZXing/853ab5c/zxing/javase/src/,ZXing/d45123d/zxing/javase/src/,zxing
ZXing/0de1fbc/zxing/javase/build/,ZXing/ae12418/zxing/javase/build/,ZXing/0de1fbc/zxing/javase/src/,ZXing/ae12418/zxing/javase/src/,zxing
ZXing/f9b648c/zxing/javase/build/,ZXing/5ef5f3b/zxing/javase/build/,ZXing/f9b648c/zxing/javase/src/,ZXing/5ef5f3b/zxing/javase/src/,ZXing/f9b648c/zxing/javase/src/com/google/zxing/client/j2se/CommandLineRunner.java,ZXing/5ef5f3b/zxing/javase/src/com/google/zxing/client/j2se/CommandLineRunner.java,ZXing/f9b648c/zxing/javase/src/com/google/zxing/client/j2se/ImageConverter.java,ZXing/5ef5f3b/zxing/javase/src/com/google/zxing/client/j2se/ImageConverter.java,zxing
ZXing/c36a3b6/zxing/javase/build/,ZXing/eb2fa80/zxing/javase/build/,ZXing/c36a3b6/zxing/javase/src/,ZXing/eb2fa80/zxing/javase/src/,ZXing/c36a3b6/zxing/javase/src/com/google/zxing/client/j2se/BufferedImageMonochromeBitmapSource.java,ZXing/eb2fa80/zxing/javase/src/com/google/zxing/client/j2se/BufferedImageMonochromeBitmapSource.java,ZXing/c36a3b6/zxing/javase/src/com/google/zxing/client/j2se/ImageConverter.java,ZXing/eb2fa80/zxing/javase/src/com/google/zxing/client/j2se/ImageConverter.java,zxing
ZXing/5f2b64e/zxing/javase/build/,ZXing/4b7e5e6/zxing/javase/build/,ZXing/5f2b64e/zxing/javase/src/,ZXing/4b7e5e6/zxing/javase/src/,zxing
ZXing/14e22bd/zxing/javase/build/,ZXing/1dc7192/zxing/javase/build/,ZXing/14e22bd/zxing/javase/src/,ZXing/1dc7192/zxing/javase/src/,zxing
ZXing/5edd5da/zxing/javase/build/,ZXing/eed790a/zxing/javase/build/,ZXing/5edd5da/zxing/javase/src/,ZXing/eed790a/zxing/javase/src/,zxing
ZXing/87f79c0/zxing/javase/build/,ZXing/11fc234/zxing/javase/build/,ZXing/87f79c0/zxing/javase/src/,ZXing/11fc234/zxing/javase/src/,zxing
ZXing/0210ec9/zxing/javase/build/,ZXing/d4e8275/zxing/javase/build/,ZXing/0210ec9/zxing/javase/src/,ZXing/d4e8275/zxing/javase/src/,zxing
ZXing/ce341d9/zxing/javase/build/,ZXing/c5d81d7/zxing/javase/build/,ZXing/ce341d9/zxing/javase/src/,ZXing/c5d81d7/zxing/javase/src/,zxing
ZXing/eb52d61/zxing/javase/build/,ZXing/25d112c/zxing/javase/build/,ZXing/eb52d61/zxing/javase/src/,ZXing/25d112c/zxing/javase/src/,ZXing/eb52d61/zxing/javase/src/com/google/zxing/client/j2se/BufferedImageMonochromeBitmapSource.java,ZXing/25d112c/zxing/javase/src/com/google/zxing/client/j2se/BufferedImageMonochromeBitmapSource.java,zxing
ZXing/1040c31/zxing/javase/build/,ZXing/bacd146/zxing/javase/build/,ZXing/1040c31/zxing/javase/src/,ZXing/bacd146/zxing/javase/src/,zxing
ZXing/989dc39/zxing/javase/build/,ZXing/cd7c4d2/zxing/javase/build/,ZXing/989dc39/zxing/javase/src/,ZXing/cd7c4d2/zxing/javase/src/,zxing
ZXing/f21c34a/zxing/javase/build/,ZXing/aef1ded/zxing/javase/build/,ZXing/f21c34a/zxing/javase/src/,ZXing/aef1ded/zxing/javase/src/,zxing
ZXing/9de8f5e/zxing/javase/build/,ZXing/5a26635/zxing/javase/build/,ZXing/9de8f5e/zxing/javase/src/,ZXing/5a26635/zxing/javase/src/,zxing
ZXing/fecaba2/zxing/javase/build/,ZXing/8b5d15c/zxing/javase/build/,ZXing/fecaba2/zxing/javase/src/,ZXing/8b5d15c/zxing/javase/src/,zxing
ZXing/372dfa1/zxing/javase/build/,ZXing/969088f/zxing/javase/build/,ZXing/372dfa1/zxing/javase/src/,ZXing/969088f/zxing/javase/src/,zxing
ZXing/784673a/zxing/javase/build/,ZXing/c74735c/zxing/javase/build/,ZXing/784673a/zxing/javase/src/,ZXing/c74735c/zxing/javase/src/,zxing
ZXing/aee9877/zxing/javase/build/,ZXing/d1973dc/zxing/javase/build/,ZXing/aee9877/zxing/javase/src/,ZXing/d1973dc/zxing/javase/src/,zxing
ZXing/cfff716/zxing/javase/build/,ZXing/29d7d64/zxing/javase/build/,ZXing/cfff716/zxing/javase/src/,ZXing/29d7d64/zxing/javase/src/,zxing
ZXing/47743fb/zxing/javase/build/,ZXing/556225a/zxing/javase/build/,ZXing/47743fb/zxing/javase/src/,ZXing/556225a/zxing/javase/src/,zxing
ZXing/f3123f4/zxing/javase/build/,ZXing/35115ce/zxing/javase/build/,ZXing/f3123f4/zxing/javase/src/,ZXing/35115ce/zxing/javase/src/,zxing
ZXing/fbb9d11/zxing/javase/build/,ZXing/89c7787/zxing/javase/build/,ZXing/fbb9d11/zxing/javase/src/,ZXing/89c7787/zxing/javase/src/,zxing
ZXing/5248fb1/zxing/javase/build/,ZXing/379c3a8/zxing/javase/build/,ZXing/5248fb1/zxing/javase/src/,ZXing/379c3a8/zxing/javase/src/,zxing
ZXing/5f817c6/zxing/javase/build/,ZXing/04f17f6/zxing/javase/build/,ZXing/5f817c6/zxing/javase/src/,ZXing/04f17f6/zxing/javase/src/,zxing
ZXing/c2c8b2f/zxing/javase/build/,ZXing/a73fc59/zxing/javase/build/,ZXing/c2c8b2f/zxing/javase/src/,ZXing/a73fc59/zxing/javase/src/,zxing
ZXing/5339ef7/zxing/javase/build/,ZXing/f4cd22e/zxing/javase/build/,ZXing/5339ef7/zxing/javase/src/,ZXing/f4cd22e/zxing/javase/src/,zxing
ZXing/002d80e/zxing/javase/build/,ZXing/97ffa36/zxing/javase/build/,ZXing/002d80e/zxing/javase/src/,ZXing/97ffa36/zxing/javase/src/,zxing
ZXing/abf5a2c/zxing/javase/build/,ZXing/f446279/zxing/javase/build/,ZXing/abf5a2c/zxing/javase/src/,ZXing/f446279/zxing/javase/src/,zxing
ZXing/e0db8f9/zxing/javase/build/,ZXing/12e5d94/zxing/javase/build/,ZXing/e0db8f9/zxing/javase/src/,ZXing/12e5d94/zxing/javase/src/,zxing
ZXing/efb0fb9/zxing/javase/build/,ZXing/14a9eb7/zxing/javase/build/,ZXing/efb0fb9/zxing/javase/src/,ZXing/14a9eb7/zxing/javase/src/,zxing
ZXing/089df8e/zxing/javase/build/,ZXing/773409e/zxing/javase/build/,ZXing/089df8e/zxing/javase/src/,ZXing/773409e/zxing/javase/src/,zxing
ZXing/146c4e0/zxing/javase/build/,ZXing/aa1a7ca/zxing/javase/build/,ZXing/146c4e0/zxing/javase/src/,ZXing/aa1a7ca/zxing/javase/src/,zxing
ZXing/8175e2c/zxing/javase/build/,ZXing/8375839/zxing/javase/build/,ZXing/8175e2c/zxing/javase/src/,ZXing/8375839/zxing/javase/src/,zxing
ZXing/7e9f5c9/zxing/javase/build/,ZXing/154172b/zxing/javase/build/,ZXing/7e9f5c9/zxing/javase/src/,ZXing/154172b/zxing/javase/src/,zxing
ZXing/47b9748/zxing/javase/build/,ZXing/43eb621/zxing/javase/build/,ZXing/47b9748/zxing/javase/src/,ZXing/43eb621/zxing/javase/src/,zxing
ZXing/7c475c5/zxing/javase/build/,ZXing/905b1f7/zxing/javase/build/,ZXing/7c475c5/zxing/javase/src/,ZXing/905b1f7/zxing/javase/src/,zxing
ZXing/b24fbdd/zxing/javase/build/,ZXing/0c4c9fd/zxing/javase/build/,ZXing/b24fbdd/zxing/javase/src/,ZXing/0c4c9fd/zxing/javase/src/,zxing
ZXing/cc06bc3/zxing/javase/build/,ZXing/5ae6e5b/zxing/javase/build/,ZXing/cc06bc3/zxing/javase/src/,ZXing/5ae6e5b/zxing/javase/src/,zxing
ZXing/038f113/zxing/javase/build/,ZXing/e19e9a8/zxing/javase/build/,ZXing/038f113/zxing/javase/src/,ZXing/e19e9a8/zxing/javase/src/,zxing
ZXing/1c4fe60/zxing/javase/build/,ZXing/29b88b6/zxing/javase/build/,ZXing/1c4fe60/zxing/javase/src/,ZXing/29b88b6/zxing/javase/src/,zxing
ZXing/72dfe0c/zxing/javase/build/,ZXing/c9ead4c/zxing/javase/build/,ZXing/72dfe0c/zxing/javase/src/,ZXing/c9ead4c/zxing/javase/src/,zxing
ZXing/27be3fb/zxing/javase/build/,ZXing/9f3ee05/zxing/javase/build/,ZXing/27be3fb/zxing/javase/src/,ZXing/9f3ee05/zxing/javase/src/,zxing
ZXing/905b1f7/zxing/javase/build/,ZXing/36a5e32/zxing/javase/build/,ZXing/905b1f7/zxing/javase/src/,ZXing/36a5e32/zxing/javase/src/,zxing
ZXing/13c1ec5/zxing/javase/build/,ZXing/f2a9165/zxing/javase/build/,ZXing/13c1ec5/zxing/javase/src/,ZXing/f2a9165/zxing/javase/src/,zxing
ZXing/f09b742/zxing/javase/build/,ZXing/597fcfb/zxing/javase/build/,ZXing/f09b742/zxing/javase/src/,ZXing/597fcfb/zxing/javase/src/,zxing
ZXing/b2f3eb6/zxing/javase/build/,ZXing/b24fbdd/zxing/javase/build/,ZXing/b2f3eb6/zxing/javase/src/,ZXing/b24fbdd/zxing/javase/src/,zxing
ZXing/1c24333/zxing/javase/build/,ZXing/c9d3eae/zxing/javase/build/,ZXing/1c24333/zxing/javase/src/,ZXing/c9d3eae/zxing/javase/src/,zxing
ZXing/683a782/zxing/javase/build/,ZXing/0198f58/zxing/javase/build/,ZXing/683a782/zxing/javase/src/,ZXing/0198f58/zxing/javase/src/,zxing
ZXing/cc66a80/zxing/javase/build/,ZXing/d6cfb08/zxing/javase/build/,ZXing/cc66a80/zxing/javase/src/,ZXing/d6cfb08/zxing/javase/src/,zxing
ZXing/739192b/zxing/javase/build/,ZXing/3f3c2fd/zxing/javase/build/,ZXing/739192b/zxing/javase/src/,ZXing/3f3c2fd/zxing/javase/src/,zxing
ZXing/ef7c421/zxing/javase/build/,ZXing/e6e3472/zxing/javase/build/,ZXing/ef7c421/zxing/javase/src/,ZXing/e6e3472/zxing/javase/src/,zxing
ZXing/938c44c/zxing/javase/build/,ZXing/e844ff0/zxing/javase/build/,ZXing/938c44c/zxing/javase/src/,ZXing/e844ff0/zxing/javase/src/,zxing
ZXing/444ec0b/zxing/javase/build/,ZXing/4af9453/zxing/javase/build/,ZXing/444ec0b/zxing/javase/src/,ZXing/4af9453/zxing/javase/src/,zxing
ZXing/9c1b4a1/zxing/javase/build/,ZXing/a5b385e/zxing/javase/build/,ZXing/9c1b4a1/zxing/javase/src/,ZXing/a5b385e/zxing/javase/src/,zxing
ZXing/b0f43f0/zxing/javase/build/,ZXing/76757bd/zxing/javase/build/,ZXing/b0f43f0/zxing/javase/src/,ZXing/76757bd/zxing/javase/src/,zxing
ZXing/fc2f280/zxing/javase/build/,ZXing/b0f43f0/zxing/javase/build/,ZXing/fc2f280/zxing/javase/src/,ZXing/b0f43f0/zxing/javase/src/,zxing
ZXing/7b0a668/zxing/javase/build/,ZXing/65be529/zxing/javase/build/,ZXing/7b0a668/zxing/javase/src/,ZXing/65be529/zxing/javase/src/,zxing
ZXing/4c10031/zxing/javase/build/,ZXing/66ae9f7/zxing/javase/build/,ZXing/4c10031/zxing/javase/src/,ZXing/66ae9f7/zxing/javase/src/,zxing
ZXing/15deb0c/zxing/javase/build/,ZXing/96f6428/zxing/javase/build/,ZXing/15deb0c/zxing/javase/src/,ZXing/96f6428/zxing/javase/src/,zxing
ZXing/5a26635/zxing/javase/build/,ZXing/88b77d6/zxing/javase/build/,ZXing/5a26635/zxing/javase/src/,ZXing/88b77d6/zxing/javase/src/,zxing
ZXing/a9788f0/zxing/javase/build/,ZXing/0fd5a2c/zxing/javase/build/,ZXing/a9788f0/zxing/javase/src/,ZXing/0fd5a2c/zxing/javase/src/,zxing
ZXing/f431cae/zxing/javase/build/,ZXing/16f01d1/zxing/javase/build/,ZXing/f431cae/zxing/javase/src/,ZXing/16f01d1/zxing/javase/src/,zxing
ZXing/1357c87/zxing/javase/build/,ZXing/b5dbec4/zxing/javase/build/,ZXing/1357c87/zxing/javase/src/,ZXing/b5dbec4/zxing/javase/src/,zxing
ZXing/b710e25/zxing/javase/build/,ZXing/58b5bf7/zxing/javase/build/,ZXing/b710e25/zxing/javase/src/,ZXing/58b5bf7/zxing/javase/src/,zxing
ZXing/312d33c/zxing/javase/build/,ZXing/02f779c/zxing/javase/build/,ZXing/312d33c/zxing/javase/src/,ZXing/02f779c/zxing/javase/src/,zxing
ZXing/513479c/zxing/javase/build/,ZXing/f730648/zxing/javase/build/,ZXing/513479c/zxing/javase/src/,ZXing/f730648/zxing/javase/src/,zxing
ZXing/dee32b1/zxing/javase/build/,ZXing/635d904/zxing/javase/build/,ZXing/dee32b1/zxing/javase/src/,ZXing/635d904/zxing/javase/src/,zxing
ZXing/fa59c4e/zxing/javase/build/,ZXing/d242b00/zxing/javase/build/,ZXing/fa59c4e/zxing/javase/src/,ZXing/d242b00/zxing/javase/src/,zxing
ZXing/fa82c20/zxing/javase/build/,ZXing/f30410f/zxing/javase/build/,ZXing/fa82c20/zxing/javase/src/,ZXing/f30410f/zxing/javase/src/,zxing
ZXing/36db720/zxing/javase/build/,ZXing/db23e7c/zxing/javase/build/,ZXing/36db720/zxing/javase/src/,ZXing/db23e7c/zxing/javase/src/,zxing
ZXing/10a90bf/zxing/javase/build/,ZXing/416193f/zxing/javase/build/,ZXing/10a90bf/zxing/javase/src/,ZXing/416193f/zxing/javase/src/,zxing
ZXing/dd57042/zxing/javase/build/,ZXing/aa65741/zxing/javase/build/,ZXing/dd57042/zxing/javase/src/,ZXing/aa65741/zxing/javase/src/,zxing
ZXing/9f50917/zxing/javase/build/,ZXing/63a1dc6/zxing/javase/build/,ZXing/9f50917/zxing/javase/src/,ZXing/63a1dc6/zxing/javase/src/,zxing
ZXing/2db1ea5/zxing/javase/build/,ZXing/188c7fb/zxing/javase/build/,ZXing/2db1ea5/zxing/javase/src/,ZXing/188c7fb/zxing/javase/src/,zxing
ZXing/f5b5891/zxing/javase/build/,ZXing/9adb83b/zxing/javase/build/,ZXing/f5b5891/zxing/javase/src/,ZXing/9adb83b/zxing/javase/src/,zxing
ZXing/f299f41/zxing/javase/build/,ZXing/012a8c0/zxing/javase/build/,ZXing/f299f41/zxing/javase/src/,ZXing/012a8c0/zxing/javase/src/,zxing
ZXing/f503058/zxing/javase/build/,ZXing/60f3af2/zxing/javase/build/,ZXing/f503058/zxing/javase/src/,ZXing/60f3af2/zxing/javase/src/,zxing
ZXing/852bd08/zxing/javase/build/,ZXing/f7a4025/zxing/javase/build/,ZXing/852bd08/zxing/javase/src/,ZXing/f7a4025/zxing/javase/src/,zxing
ZXing/6e680f0/zxing/javase/build/,ZXing/8090bb4/zxing/javase/build/,ZXing/6e680f0/zxing/javase/src/,ZXing/8090bb4/zxing/javase/src/,zxing
ZXing/270edc5/zxing/javase/build/,ZXing/07db37e/zxing/javase/build/,ZXing/270edc5/zxing/javase/src/,ZXing/07db37e/zxing/javase/src/,zxing
ZXing/e4c014d/zxing/javase/build/,ZXing/8f7a334/zxing/javase/build/,ZXing/e4c014d/zxing/javase/src/,ZXing/8f7a334/zxing/javase/src/,zxing
ZXing/58705e7/zxing/javase/build/,ZXing/dea0247/zxing/javase/build/,ZXing/58705e7/zxing/javase/src/,ZXing/dea0247/zxing/javase/src/,zxing
ZXing/394fb04/zxing/javase/build/,ZXing/77d29c3/zxing/javase/build/,ZXing/394fb04/zxing/javase/src/,ZXing/77d29c3/zxing/javase/src/,zxing
ZXing/8d79ad7/zxing/javase/build/,ZXing/8175e2c/zxing/javase/build/,ZXing/8d79ad7/zxing/javase/src/,ZXing/8175e2c/zxing/javase/src/,zxing
ZXing/f75a6ec/zxing/javase/build/,ZXing/87b6b0e/zxing/javase/build/,ZXing/f75a6ec/zxing/javase/src/,ZXing/87b6b0e/zxing/javase/src/,zxing
ZXing/c3b3254/zxing/javase/build/,ZXing/cc06bc3/zxing/javase/build/,ZXing/c3b3254/zxing/javase/src/,ZXing/cc06bc3/zxing/javase/src/,zxing
ZXing/e844ff0/zxing/javase/build/,ZXing/63b8253/zxing/javase/build/,ZXing/e844ff0/zxing/javase/src/,ZXing/63b8253/zxing/javase/src/,zxing
ZXing/bf29a16/zxing/javase/build/,ZXing/fab1e27/zxing/javase/build/,ZXing/bf29a16/zxing/javase/src/,ZXing/fab1e27/zxing/javase/src/,zxing
ZXing/3e5b13a/zxing/javase/build/,ZXing/c4ee672/zxing/javase/build/,ZXing/3e5b13a/zxing/javase/src/,ZXing/c4ee672/zxing/javase/src/,ZXing/3e5b13a/zxing/javase/src/com/google/zxing/client/j2se/BufferedImageMonochromeBitmapSource.java,ZXing/c4ee672/zxing/javase/src/com/google/zxing/client/j2se/BufferedImageMonochromeBitmapSource.java,zxing
ZXing/91d8e04/zxing/javase/build/,ZXing/4331605/zxing/javase/build/,ZXing/91d8e04/zxing/javase/src/,ZXing/4331605/zxing/javase/src/,zxing
ZXing/f652a4b/zxing/javase/build/,ZXing/7780ada/zxing/javase/build/,ZXing/f652a4b/zxing/javase/src/,ZXing/7780ada/zxing/javase/src/,zxing
ZXing/f265d08/zxing/javase/build/,ZXing/1f2699c/zxing/javase/build/,ZXing/f265d08/zxing/javase/src/,ZXing/1f2699c/zxing/javase/src/,zxing
ZXing/b93d81b/zxing/javase/build/,ZXing/5199348/zxing/javase/build/,ZXing/b93d81b/zxing/javase/src/,ZXing/5199348/zxing/javase/src/,zxing
ZXing/5f22834/zxing/javase/build/,ZXing/0b2f7dc/zxing/javase/build/,ZXing/5f22834/zxing/javase/src/,ZXing/0b2f7dc/zxing/javase/src/,zxing
ZXing/5f14283/zxing/javase/build/,ZXing/7de539a/zxing/javase/build/,ZXing/5f14283/zxing/javase/src/,ZXing/7de539a/zxing/javase/src/,zxing
ZXing/7dbc556/zxing/javase/build/,ZXing/b8eef13/zxing/javase/build/,ZXing/7dbc556/zxing/javase/src/,ZXing/b8eef13/zxing/javase/src/,zxing
ZXing/34607d7/zxing/javase/build/,ZXing/e913ff5/zxing/javase/build/,ZXing/34607d7/zxing/javase/src/,ZXing/e913ff5/zxing/javase/src/,zxing
ZXing/4abc8ae/zxing/javase/build/,ZXing/8c03ed9/zxing/javase/build/,ZXing/4abc8ae/zxing/javase/src/,ZXing/8c03ed9/zxing/javase/src/,zxing
ZXing/c1bc060/zxing/javase/build/,ZXing/24580d6/zxing/javase/build/,ZXing/c1bc060/zxing/javase/src/,ZXing/24580d6/zxing/javase/src/,zxing
ZXing/bef3c75/zxing/javase/build/,ZXing/8671371/zxing/javase/build/,ZXing/bef3c75/zxing/javase/src/,ZXing/8671371/zxing/javase/src/,zxing
ZXing/d6cfb08/zxing/javase/build/,ZXing/0aeb2f6/zxing/javase/build/,ZXing/d6cfb08/zxing/javase/src/,ZXing/0aeb2f6/zxing/javase/src/,zxing
ZXing/c91265d/zxing/javase/build/,ZXing/131cfe4/zxing/javase/build/,ZXing/c91265d/zxing/javase/src/,ZXing/131cfe4/zxing/javase/src/,ZXing/c91265d/zxing/javase/src/com/google/zxing/client/j2se/BufferedImageMonochromeBitmapSource.java,ZXing/131cfe4/zxing/javase/src/com/google/zxing/client/j2se/BufferedImageMonochromeBitmapSource.java,zxing
ZXing/de73980/zxing/javase/build/,ZXing/fecaba2/zxing/javase/build/,ZXing/de73980/zxing/javase/src/,ZXing/fecaba2/zxing/javase/src/,zxing
ZXing/2d0b3bc/zxing/javase/build/,ZXing/719ed5b/zxing/javase/build/,ZXing/2d0b3bc/zxing/javase/src/,ZXing/719ed5b/zxing/javase/src/,zxing
ZXing/c6b6bfb/zxing/javase/build/,ZXing/916edd5/zxing/javase/build/,ZXing/c6b6bfb/zxing/javase/src/,ZXing/916edd5/zxing/javase/src/,zxing
ZXing/cdbfde6/zxing/javase/build/,ZXing/b2bd63a/zxing/javase/build/,ZXing/cdbfde6/zxing/javase/src/,ZXing/b2bd63a/zxing/javase/src/,zxing
ZXing/43eb621/zxing/javase/build/,ZXing/7726e8f/zxing/javase/build/,ZXing/43eb621/zxing/javase/src/,ZXing/7726e8f/zxing/javase/src/,ZXing/43eb621/zxing/javase/src/com/google/zxing/client/j2se/BufferedImageMonochromeBitmapSource.java,ZXing/7726e8f/zxing/javase/src/com/google/zxing/client/j2se/BufferedImageMonochromeBitmapSource.java,ZXing/43eb621/zxing/javase/src/com/google/zxing/client/j2se/CommandLineRunner.java,ZXing/7726e8f/zxing/javase/src/com/google/zxing/client/j2se/CommandLineRunner.java,zxing
ZXing/f142a94/zxing/javase/build/,ZXing/f3123f4/zxing/javase/build/,ZXing/f142a94/zxing/javase/src/,ZXing/f3123f4/zxing/javase/src/,zxing
ZXing/39389da/zxing/javase/build/,ZXing/0daa06a/zxing/javase/build/,ZXing/39389da/zxing/javase/src/,ZXing/0daa06a/zxing/javase/src/,zxing
ZXing/88b77d6/zxing/javase/build/,ZXing/e9a6e8e/zxing/javase/build/,ZXing/88b77d6/zxing/javase/src/,ZXing/e9a6e8e/zxing/javase/src/,zxing
ZXing/4664062/zxing/javase/build/,ZXing/c02bd97/zxing/javase/build/,ZXing/4664062/zxing/javase/src/,ZXing/c02bd97/zxing/javase/src/,zxing
ZXing/37559ba/zxing/javase/build/,ZXing/5c70531/zxing/javase/build/,ZXing/37559ba/zxing/javase/src/,ZXing/5c70531/zxing/javase/src/,zxing
ZXing/bb52a16/zxing/javase/build/,ZXing/d56fb38/zxing/javase/build/,ZXing/bb52a16/zxing/javase/src/,ZXing/d56fb38/zxing/javase/src/,zxing
ZXing/12420b4/zxing/javase/build/,ZXing/f265d08/zxing/javase/build/,ZXing/12420b4/zxing/javase/src/,ZXing/f265d08/zxing/javase/src/,zxing
ZXing/416193f/zxing/javase/build/,ZXing/784673a/zxing/javase/build/,ZXing/416193f/zxing/javase/src/,ZXing/784673a/zxing/javase/src/,zxing
ZXing/916edd5/zxing/javase/build/,ZXing/1b36bc8/zxing/javase/build/,ZXing/916edd5/zxing/javase/src/,ZXing/1b36bc8/zxing/javase/src/,zxing
ZXing/f83e68d/zxing/javase/build/,ZXing/de41926/zxing/javase/build/,ZXing/f83e68d/zxing/javase/src/,ZXing/de41926/zxing/javase/src/,zxing
ZXing/a0381b7/zxing/javase/build/,ZXing/6e05578/zxing/javase/build/,ZXing/a0381b7/zxing/javase/src/,ZXing/6e05578/zxing/javase/src/,zxing
ZXing/7d0acf8/zxing/javase/build/,ZXing/1c4fe60/zxing/javase/build/,ZXing/7d0acf8/zxing/javase/src/,ZXing/1c4fe60/zxing/javase/src/,zxing
ZXing/40e0393/zxing/javase/build/,ZXing/34cc1d2/zxing/javase/build/,ZXing/40e0393/zxing/javase/src/,ZXing/34cc1d2/zxing/javase/src/,zxing
ZXing/949eca9/zxing/javase/build/,ZXing/9e9b1bd/zxing/javase/build/,ZXing/949eca9/zxing/javase/src/,ZXing/9e9b1bd/zxing/javase/src/,zxing
ZXing/04f17f6/zxing/javase/build/,ZXing/ae46d12/zxing/javase/build/,ZXing/04f17f6/zxing/javase/src/,ZXing/ae46d12/zxing/javase/src/,zxing
ZXing/4ae280e/zxing/javase/build/,ZXing/171bd88/zxing/javase/build/,ZXing/4ae280e/zxing/javase/src/,ZXing/171bd88/zxing/javase/src/,zxing
ZXing/963c449/zxing/javase/build/,ZXing/5c627db/zxing/javase/build/,ZXing/963c449/zxing/javase/src/,ZXing/5c627db/zxing/javase/src/,zxing
ZXing/ae54d7a/zxing/javase/build/,ZXing/0b7bfac/zxing/javase/build/,ZXing/ae54d7a/zxing/javase/src/,ZXing/0b7bfac/zxing/javase/src/,zxing
ZXing/848609c/zxing/javase/build/,ZXing/1f44288/zxing/javase/build/,ZXing/848609c/zxing/javase/src/,ZXing/1f44288/zxing/javase/src/,zxing
ZXing/fabdd40/zxing/javase/build/,ZXing/aea12b5/zxing/javase/build/,ZXing/fabdd40/zxing/javase/src/,ZXing/aea12b5/zxing/javase/src/,zxing
ZXing/3d4d5b3/zxing/javase/build/,ZXing/6291508/zxing/javase/build/,ZXing/3d4d5b3/zxing/javase/src/,ZXing/6291508/zxing/javase/src/,zxing
ZXing/727cc95/zxing/javase/build/,ZXing/ea13f8b/zxing/javase/build/,ZXing/727cc95/zxing/javase/src/,ZXing/ea13f8b/zxing/javase/src/,zxing
ZXing/bc84949/zxing/javase/build/,ZXing/0cf90f2/zxing/javase/build/,ZXing/bc84949/zxing/javase/src/,ZXing/0cf90f2/zxing/javase/src/,zxing
ZXing/e83cb0c/zxing/javase/build/,ZXing/833ca52/zxing/javase/build/,ZXing/e83cb0c/zxing/javase/src/,ZXing/833ca52/zxing/javase/src/,zxing
ZXing/cd0ff37/zxing/javase/build/,ZXing/ad307eb/zxing/javase/build/,ZXing/cd0ff37/zxing/javase/src/,ZXing/ad307eb/zxing/javase/src/,zxing
ZXing/ad307eb/zxing/javase/build/,ZXing/f503058/zxing/javase/build/,ZXing/ad307eb/zxing/javase/src/,ZXing/f503058/zxing/javase/src/,zxing
ZXing/d2f7d69/zxing/javase/build/,ZXing/15deb0c/zxing/javase/build/,ZXing/d2f7d69/zxing/javase/src/,ZXing/15deb0c/zxing/javase/src/,zxing
ZXing/753ca4a/zxing/javase/build/,ZXing/8fb5927/zxing/javase/build/,ZXing/753ca4a/zxing/javase/src/,ZXing/8fb5927/zxing/javase/src/,zxing
ZXing/36b4456/zxing/javase/build/,ZXing/9433c59/zxing/javase/build/,ZXing/36b4456/zxing/javase/src/,ZXing/9433c59/zxing/javase/src/,zxing
ZXing/038add9/zxing/javase/build/,ZXing/14895cf/zxing/javase/build/,ZXing/038add9/zxing/javase/src/,ZXing/14895cf/zxing/javase/src/,zxing
ZXing/3a1d1f1/zxing/javase/build/,ZXing/c58ae8b/zxing/javase/build/,ZXing/3a1d1f1/zxing/javase/src/,ZXing/c58ae8b/zxing/javase/src/,zxing
ZXing/57c5bc3/zxing/javase/build/,ZXing/ff4f861/zxing/javase/build/,ZXing/57c5bc3/zxing/javase/src/,ZXing/ff4f861/zxing/javase/src/,zxing
ZXing/45ba997/zxing/javase/build/,ZXing/3feb56e/zxing/javase/build/,ZXing/45ba997/zxing/javase/src/,ZXing/3feb56e/zxing/javase/src/,zxing
ZXing/2a113d9/zxing/javase/build/,ZXing/033ae10/zxing/javase/build/,ZXing/2a113d9/zxing/javase/src/,ZXing/033ae10/zxing/javase/src/,zxing
ZXing/8666ac2/zxing/javase/build/,ZXing/6f4898c/zxing/javase/build/,ZXing/8666ac2/zxing/javase/src/,ZXing/6f4898c/zxing/javase/src/,zxing
ZXing/c9ead4c/zxing/javase/build/,ZXing/584564a/zxing/javase/build/,ZXing/c9ead4c/zxing/javase/src/,ZXing/584564a/zxing/javase/src/,zxing
ZXing/0e314f6/zxing/javase/build/,ZXing/f59ed95/zxing/javase/build/,ZXing/0e314f6/zxing/javase/src/,ZXing/f59ed95/zxing/javase/src/,zxing
ZXing/b5dbec4/zxing/javase/build/,ZXing/c95fe48/zxing/javase/build/,ZXing/b5dbec4/zxing/javase/src/,ZXing/c95fe48/zxing/javase/src/,zxing
ZXing/34cc1d2/zxing/javase/build/,ZXing/94e3009/zxing/javase/build/,ZXing/34cc1d2/zxing/javase/src/,ZXing/94e3009/zxing/javase/src/,zxing
ZXing/fde805c/zxing/javase/build/,ZXing/5cc1df3/zxing/javase/build/,ZXing/fde805c/zxing/javase/src/,ZXing/5cc1df3/zxing/javase/src/,ZXing/fde805c/zxing/javase/src/com/google/zxing/client/j2se/CommandLineRunner.java,ZXing/5cc1df3/zxing/javase/src/com/google/zxing/client/j2se/CommandLineRunner.java,ZXing/fde805c/zxing/javase/src/com/google/zxing/client/j2se/GUIRunner.java,ZXing/5cc1df3/zxing/javase/src/com/google/zxing/client/j2se/GUIRunner.java,ZXing/fde805c/zxing/javase/src/com/google/zxing/client/j2se/ImageConverter.java,ZXing/5cc1df3/zxing/javase/src/com/google/zxing/client/j2se/ImageConverter.java,zxing
ZXing/405aba0/zxing/javase/build/,ZXing/e9a29fb/zxing/javase/build/,ZXing/405aba0/zxing/javase/src/,ZXing/e9a29fb/zxing/javase/src/,zxing
ZXing/c82d079/zxing/javase/build/,ZXing/a78f7f4/zxing/javase/build/,ZXing/c82d079/zxing/javase/src/,ZXing/a78f7f4/zxing/javase/src/,ZXing/c82d079/zxing/javase/src/com/google/zxing/client/j2se/CommandLineRunner.java,ZXing/a78f7f4/zxing/javase/src/com/google/zxing/client/j2se/CommandLineRunner.java,zxing
ZXing/4b7e5e6/zxing/javase/build/,ZXing/7fec064/zxing/javase/build/,ZXing/4b7e5e6/zxing/javase/src/,ZXing/7fec064/zxing/javase/src/,zxing
ZXing/4f072f6/zxing/javase/build/,ZXing/0cf89d0/zxing/javase/build/,ZXing/4f072f6/zxing/javase/src/,ZXing/0cf89d0/zxing/javase/src/,zxing
ZXing/08c7c6f/zxing/javase/build/,ZXing/13b637f/zxing/javase/build/,ZXing/08c7c6f/zxing/javase/src/,ZXing/13b637f/zxing/javase/src/,zxing
ZXing/fe87c68/zxing/javase/build/,ZXing/bdc25cf/zxing/javase/build/,ZXing/fe87c68/zxing/javase/src/,ZXing/bdc25cf/zxing/javase/src/,zxing
ZXing/ce1bade/zxing/javase/build/,ZXing/550511d/zxing/javase/build/,ZXing/ce1bade/zxing/javase/src/,ZXing/550511d/zxing/javase/src/,zxing
ZXing/aea12b5/zxing/javase/build/,ZXing/62d9959/zxing/javase/build/,ZXing/aea12b5/zxing/javase/src/,ZXing/62d9959/zxing/javase/src/,ZXing/aea12b5/zxing/javase/src/com/google/zxing/client/j2se/BufferedImageMonochromeBitmapSource.java,ZXing/62d9959/zxing/javase/src/com/google/zxing/client/j2se/BufferedImageMonochromeBitmapSource.java,ZXing/aea12b5/zxing/javase/src/com/google/zxing/client/j2se/CommandLineRunner.java,ZXing/62d9959/zxing/javase/src/com/google/zxing/client/j2se/CommandLineRunner.java,ZXing/aea12b5/zxing/javase/src/com/google/zxing/client/j2se/GUIRunner.java,ZXing/62d9959/zxing/javase/src/com/google/zxing/client/j2se/GUIRunner.java,zxing
ZXing/14895cf/zxing/javase/build/,ZXing/56c4b6a/zxing/javase/build/,ZXing/14895cf/zxing/javase/src/,ZXing/56c4b6a/zxing/javase/src/,zxing
ZXing/833a8b0/zxing/javase/build/,ZXing/cde4d22/zxing/javase/build/,ZXing/833a8b0/zxing/javase/src/,ZXing/cde4d22/zxing/javase/src/,zxing
ZXing/d392d57/zxing/javase/build/,ZXing/64369b3/zxing/javase/build/,ZXing/d392d57/zxing/javase/src/,ZXing/64369b3/zxing/javase/src/,zxing
ZXing/63a1dc6/zxing/javase/build/,ZXing/0c3a4b4/zxing/javase/build/,ZXing/63a1dc6/zxing/javase/src/,ZXing/0c3a4b4/zxing/javase/src/,zxing
ZXing/afdc450/zxing/javase/build/,ZXing/98b34ae/zxing/javase/build/,ZXing/afdc450/zxing/javase/src/,ZXing/98b34ae/zxing/javase/src/,zxing
ZXing/ae46d12/zxing/javase/build/,ZXing/f21c34a/zxing/javase/build/,ZXing/ae46d12/zxing/javase/src/,ZXing/f21c34a/zxing/javase/src/,zxing
ZXing/807c164/zxing/javase/build/,ZXing/db61519/zxing/javase/build/,ZXing/807c164/zxing/javase/src/,ZXing/db61519/zxing/javase/src/,zxing
ZXing/de766db/zxing/javase/build/,ZXing/1ca6c12/zxing/javase/build/,ZXing/de766db/zxing/javase/src/,ZXing/1ca6c12/zxing/javase/src/,zxing
ZXing/6fe022e/zxing/javase/build/,ZXing/c1bc060/zxing/javase/build/,ZXing/6fe022e/zxing/javase/src/,ZXing/c1bc060/zxing/javase/src/,zxing
ZXing/65be529/zxing/javase/build/,ZXing/56f1947/zxing/javase/build/,ZXing/65be529/zxing/javase/src/,ZXing/56f1947/zxing/javase/src/,zxing
ZXing/54d65e3/zxing/javase/build/,ZXing/167197e/zxing/javase/build/,ZXing/54d65e3/zxing/javase/src/,ZXing/167197e/zxing/javase/src/,ZXing/54d65e3/zxing/javase/src/com/google/zxing/client/j2se/BufferedImageLuminanceSource.java,ZXing/167197e/zxing/javase/src/com/google/zxing/client/j2se/BufferedImageLuminanceSource.java,ZXing/54d65e3/zxing/javase/src/com/google/zxing/client/j2se/BufferedImageMonochromeBitmapSource.java,ZXing/167197e/zxing/javase/src/com/google/zxing/client/j2se/BufferedImageMonochromeBitmapSource.java,ZXing/54d65e3/zxing/javase/src/com/google/zxing/client/j2se/CommandLineRunner.java,ZXing/167197e/zxing/javase/src/com/google/zxing/client/j2se/CommandLineRunner.java,ZXing/54d65e3/zxing/javase/src/com/google/zxing/client/j2se/GUIRunner.java,ZXing/167197e/zxing/javase/src/com/google/zxing/client/j2se/GUIRunner.java,ZXing/54d65e3/zxing/javase/src/com/google/zxing/client/j2se/ImageConverter.java,ZXing/167197e/zxing/javase/src/com/google/zxing/client/j2se/ImageConverter.java,zxing
ZXing/42940c4/zxing/javase/build/,ZXing/6d124e1/zxing/javase/build/,ZXing/42940c4/zxing/javase/src/,ZXing/6d124e1/zxing/javase/src/,zxing
ZXing/d45123d/zxing/javase/build/,ZXing/db58d13/zxing/javase/build/,ZXing/d45123d/zxing/javase/src/,ZXing/db58d13/zxing/javase/src/,zxing
ZXing/c95fe48/zxing/javase/build/,ZXing/bafe58d/zxing/javase/build/,ZXing/c95fe48/zxing/javase/src/,ZXing/bafe58d/zxing/javase/src/,zxing
ZXing/89c2054/zxing/javase/build/,ZXing/848609c/zxing/javase/build/,ZXing/89c2054/zxing/javase/src/,ZXing/848609c/zxing/javase/src/,zxing
ZXing/09e6c3b/zxing/javase/build/,ZXing/e0db8f9/zxing/javase/build/,ZXing/09e6c3b/zxing/javase/src/,ZXing/e0db8f9/zxing/javase/src/,ZXing/09e6c3b/zxing/javase/src/com/google/zxing/client/j2se/BufferedImageMonochromeBitmapSource.java,ZXing/e0db8f9/zxing/javase/src/com/google/zxing/client/j2se/BufferedImageMonochromeBitmapSource.java,ZXing/09e6c3b/zxing/javase/src/com/google/zxing/client/j2se/CommandLineRunner.java,ZXing/e0db8f9/zxing/javase/src/com/google/zxing/client/j2se/CommandLineRunner.java,ZXing/09e6c3b/zxing/javase/src/com/google/zxing/client/j2se/GUIRunner.java,ZXing/e0db8f9/zxing/javase/src/com/google/zxing/client/j2se/GUIRunner.java,ZXing/09e6c3b/zxing/javase/src/com/google/zxing/client/j2se/ImageConverter.java,ZXing/e0db8f9/zxing/javase/src/com/google/zxing/client/j2se/ImageConverter.java,zxing
ZXing/3feb56e/zxing/javase/build/,ZXing/42940c4/zxing/javase/build/,ZXing/3feb56e/zxing/javase/src/,ZXing/42940c4/zxing/javase/src/,zxing
ZXing/2e33e22/zxing/javase/build/,ZXing/49601e6/zxing/javase/build/,ZXing/2e33e22/zxing/javase/src/,ZXing/49601e6/zxing/javase/src/,zxing
ZXing/2f9e5ca/zxing/javase/build/,ZXing/180e833/zxing/javase/build/,ZXing/2f9e5ca/zxing/javase/src/,ZXing/180e833/zxing/javase/src/,zxing
ZXing/7cd9541/zxing/javase/build/,ZXing/87f2fad/zxing/javase/build/,ZXing/7cd9541/zxing/javase/src/,ZXing/87f2fad/zxing/javase/src/,zxing
ZXing/1c9b906/zxing/javase/build/,ZXing/e9ed806/zxing/javase/build/,ZXing/1c9b906/zxing/javase/src/,ZXing/e9ed806/zxing/javase/src/,zxing
ZXing/f919bbc/zxing/javase/build/,ZXing/dcb6891/zxing/javase/build/,ZXing/f919bbc/zxing/javase/src/,ZXing/dcb6891/zxing/javase/src/,zxing
ZXing/7780ada/zxing/javase/build/,ZXing/011e6e9/zxing/javase/build/,ZXing/7780ada/zxing/javase/src/,ZXing/011e6e9/zxing/javase/src/,zxing
ZXing/30f8fa2/zxing/javase/build/,ZXing/7352202/zxing/javase/build/,ZXing/30f8fa2/zxing/javase/src/,ZXing/7352202/zxing/javase/src/,zxing
ZXing/1eab5ab/zxing/javase/build/,ZXing/0e311f4/zxing/javase/build/,ZXing/1eab5ab/zxing/javase/src/,ZXing/0e311f4/zxing/javase/src/,zxing
ZXing/b300a0a/zxing/javase/build/,ZXing/fd327c9/zxing/javase/build/,ZXing/b300a0a/zxing/javase/src/,ZXing/fd327c9/zxing/javase/src/,zxing
ZXing/2604ca4/zxing/javase/build/,ZXing/6271b86/zxing/javase/build/,ZXing/2604ca4/zxing/javase/src/,ZXing/6271b86/zxing/javase/src/,zxing
ZXing/967afc8/zxing/javase/build/,ZXing/c36697c/zxing/javase/build/,ZXing/967afc8/zxing/javase/src/,ZXing/c36697c/zxing/javase/src/,zxing
ZXing/0b74dfc/zxing/javase/build/,ZXing/7410fd3/zxing/javase/build/,ZXing/0b74dfc/zxing/javase/src/,ZXing/7410fd3/zxing/javase/src/,zxing
ZXing/02a8b98/zxing/javase/build/,ZXing/0b74dfc/zxing/javase/build/,ZXing/02a8b98/zxing/javase/src/,ZXing/0b74dfc/zxing/javase/src/,zxing
ZXing/634273c/zxing/javase/build/,ZXing/06a6a35/zxing/javase/build/,ZXing/634273c/zxing/javase/src/,ZXing/06a6a35/zxing/javase/src/,zxing
ZXing/fe1004f/zxing/javase/build/,ZXing/2e9afb3/zxing/javase/build/,ZXing/fe1004f/zxing/javase/src/,ZXing/2e9afb3/zxing/javase/src/,zxing
ZXing/3423422/zxing/javase/build/,ZXing/0413ee8/zxing/javase/build/,ZXing/3423422/zxing/javase/src/,ZXing/0413ee8/zxing/javase/src/,zxing
ZXing/2568fc2/zxing/javase/build/,ZXing/ad1e585/zxing/javase/build/,ZXing/2568fc2/zxing/javase/src/,ZXing/ad1e585/zxing/javase/src/,zxing
ZXing/ad1e585/zxing/javase/build/,ZXing/c7d5c2a/zxing/javase/build/,ZXing/ad1e585/zxing/javase/src/,ZXing/c7d5c2a/zxing/javase/src/,zxing
ZXing/974d22f/zxing/javase/build/,ZXing/047c932/zxing/javase/build/,ZXing/974d22f/zxing/javase/src/,ZXing/047c932/zxing/javase/src/,zxing
ZXing/10119d1/zxing/javase/build/,ZXing/9cc7f58/zxing/javase/build/,ZXing/10119d1/zxing/javase/src/,ZXing/9cc7f58/zxing/javase/src/,zxing
ZXing/1109e2a/zxing/javase/build/,ZXing/816d6b8/zxing/javase/build/,ZXing/1109e2a/zxing/javase/src/,ZXing/816d6b8/zxing/javase/src/,zxing
ZXing/0ab1cae/zxing/javase/build/,ZXing/74c8744/zxing/javase/build/,ZXing/0ab1cae/zxing/javase/src/,ZXing/74c8744/zxing/javase/src/,zxing
ZXing/3ca1966/zxing/javase/build/,ZXing/0e7aedd/zxing/javase/build/,ZXing/3ca1966/zxing/javase/src/,ZXing/0e7aedd/zxing/javase/src/,zxing
ZXing/0ce1ed8/zxing/javase/build/,ZXing/49adf3b/zxing/javase/build/,ZXing/0ce1ed8/zxing/javase/src/,ZXing/49adf3b/zxing/javase/src/,zxing
ZXing/49adf3b/zxing/javase/build/,ZXing/c462988/zxing/javase/build/,ZXing/49adf3b/zxing/javase/src/,ZXing/c462988/zxing/javase/src/,zxing
ZXing/52e6d56/zxing/javase/build/,ZXing/87b0b9c/zxing/javase/build/,ZXing/52e6d56/zxing/javase/src/,ZXing/87b0b9c/zxing/javase/src/,zxing
ZXing/0fb17b7/zxing/javase/build/,ZXing/05e8181/zxing/javase/build/,ZXing/0fb17b7/zxing/javase/src/,ZXing/05e8181/zxing/javase/src/,ZXing/0fb17b7/zxing/javase/src/com/google/zxing/client/j2se/CommandLineRunner.java,ZXing/05e8181/zxing/javase/src/com/google/zxing/client/j2se/CommandLineRunner.java,zxing
ZXing/05e8181/zxing/javase/build/,ZXing/9a3da71/zxing/javase/build/,ZXing/05e8181/zxing/javase/src/,ZXing/9a3da71/zxing/javase/src/,zxing
ZXing/8b60886/zxing/javase/build/,ZXing/492492b/zxing/javase/build/,ZXing/8b60886/zxing/javase/src/,ZXing/492492b/zxing/javase/src/,ZXing/8b60886/zxing/javase/src/com/google/zxing/client/j2se/CommandLineRunner.java,ZXing/492492b/zxing/javase/src/com/google/zxing/client/j2se/CommandLineRunner.java,zxing
ZXing/2223a5c/zxing/javase/build/,ZXing/8cbe558/zxing/javase/build/,ZXing/2223a5c/zxing/javase/src/,ZXing/8cbe558/zxing/javase/src/,zxing
ZXing/c2e3604/zxing/javase/build/,ZXing/c003d96/zxing/javase/build/,ZXing/c2e3604/zxing/javase/src/,ZXing/c003d96/zxing/javase/src/,zxing
ZXing/426636c/zxing/javase/build/,ZXing/04a62c6/zxing/javase/build/,ZXing/426636c/zxing/javase/src/,ZXing/04a62c6/zxing/javase/src/,zxing
ZXing/983d29e/zxing/javase/build/,ZXing/77207ac/zxing/javase/build/,ZXing/983d29e/zxing/javase/src/,ZXing/77207ac/zxing/javase/src/,zxing
ZXing/7255ac8/zxing/javase/build/,ZXing/b94d44c/zxing/javase/build/,ZXing/7255ac8/zxing/javase/src/,ZXing/b94d44c/zxing/javase/src/,zxing
ZXing/627cd6c/zxing/javase/build/,ZXing/2d7b413/zxing/javase/build/,ZXing/627cd6c/zxing/javase/src/,ZXing/2d7b413/zxing/javase/src/,zxing
ZXing/b845390/zxing/javase/build/,ZXing/7255ac8/zxing/javase/build/,ZXing/b845390/zxing/javase/src/,ZXing/7255ac8/zxing/javase/src/,zxing
ZXing/93cd626/zxing/javase/build/,ZXing/fb1e512/zxing/javase/build/,ZXing/93cd626/zxing/javase/src/,ZXing/fb1e512/zxing/javase/src/,zxing
ZXing/69c3af2/zxing/javase/build/,ZXing/58fefb0/zxing/javase/build/,ZXing/69c3af2/zxing/javase/src/,ZXing/58fefb0/zxing/javase/src/,zxing
ZXing/6f0f676/zxing/javase/build/,ZXing/b7d6fce/zxing/javase/build/,ZXing/6f0f676/zxing/javase/src/,ZXing/b7d6fce/zxing/javase/src/,zxing
ZXing/b8f4061/zxing/javase/build/,ZXing/983d29e/zxing/javase/build/,ZXing/b8f4061/zxing/javase/src/,ZXing/983d29e/zxing/javase/src/,zxing
ZXing/17b9952/zxing/javase/build/,ZXing/2cb4f5f/zxing/javase/build/,ZXing/17b9952/zxing/javase/src/,ZXing/2cb4f5f/zxing/javase/src/,ZXing/17b9952/zxing/javase/src/com/google/zxing/client/j2se/CommandLineRunner.java,ZXing/2cb4f5f/zxing/javase/src/com/google/zxing/client/j2se/CommandLineRunner.java,zxing
ZXing/e95e166/zxing/javase/build/,ZXing/63a5cd3/zxing/javase/build/,ZXing/e95e166/zxing/javase/src/,ZXing/63a5cd3/zxing/javase/src/,zxing
ZXing/56ad5f5/zxing/javase/build/,ZXing/f2ac4e6/zxing/javase/build/,ZXing/56ad5f5/zxing/javase/src/,ZXing/f2ac4e6/zxing/javase/src/,zxing
ZXing/6f3d6a0/zxing/javase/build/,ZXing/09b0039/zxing/javase/build/,ZXing/6f3d6a0/zxing/javase/src/,ZXing/09b0039/zxing/javase/src/,zxing
ZXing/f2ac4e6/zxing/javase/build/,ZXing/5951e1d/zxing/javase/build/,ZXing/f2ac4e6/zxing/javase/src/,ZXing/5951e1d/zxing/javase/src/,zxing
ZXing/2526ea8/zxing/javase/build/,ZXing/ce3d27e/zxing/javase/build/,ZXing/2526ea8/zxing/javase/src/,ZXing/ce3d27e/zxing/javase/src/,zxing
ZXing/14a03f4/zxing/javase/build/,ZXing/47d2f3c/zxing/javase/build/,ZXing/14a03f4/zxing/javase/src/,ZXing/47d2f3c/zxing/javase/src/,zxing
